"Taken from https://toolsfairy.com/document-test/sample-csv-files";;"slightly modified"
"first";"last";"date"
"Änton";"Brøther";01.01.2023
"Ann";"Abbott";01.01.2023
"Sue";"Abbott";02.01.2023
"Adam";"Aguilar";03.01.2023
"Victor";"Aguilar";04.01.2023
"Bertie";"Alexander";05.01.2023
"Bess";"Alexander";06.01.2023
"Kate";"Alexander";07.01.2023
"Henry";"Allen";08.01.2023
"Edward";"Allison";09.01.2023
"Lilly";"Allison";10.01.2023
"Maggie";"Allison";11.01.2023
"Christian";"Alvarado";12.01.2023
"Ian";"Alvarez";13.01.2023
"Larry";"Alvarez";14.01.2023
"Adeline";"Anderson";15.01.2023
"Bradley";"Andrews";16.01.2023
"Bryan";"Andrews";17.01.2023
"Elnora";"Andrews";18.01.2023
"Elsie";"Andrews";19.01.2023
"Luis";"Andrews";20.01.2023
"Carolyn";"Armstrong";21.01.2023
"Susie";"Armstrong";22.01.2023
"Rosie";"Arnold";23.01.2023
"Theresa";"Arnold";24.01.2023
"Harold";"Atkins";25.01.2023
"Elijah";"Austin";26.01.2023
"Hester";"Austin";27.01.2023
"Estella";"Bailey";28.01.2023
"Gary";"Bailey";29.01.2023
"Kenneth";"Baker";30.01.2023
"Bess";"Baldwin";31.01.2023
"Beulah";"Ball";01.02.2023
"Dylan";"Ball";02.02.2023
"Jose";"Ball";03.02.2023
"Samuel";"Ballard";04.02.2023
"Clarence";"Banks";05.02.2023
"Ina";"Barker";06.02.2023
"Tyler";"Barker";07.02.2023
"Eunice";"Barnett";08.02.2023
"George";"Barnett";09.02.2023
"Jason";"Barnett";10.02.2023
"Mattie";"Barnett";11.02.2023
"Willie";"Barrett";12.02.2023
"Alex";"Bass";13.02.2023
"Sean";"Bass";14.02.2023
"Mildred";"Bates";15.02.2023
"Rosa";"Bates";16.02.2023
"Lora";"Beck";17.02.2023
"Jeffery";"Becker";18.02.2023
"Johnny";"Becker";19.02.2023
"Allie";"Bell";20.02.2023
"Christian";"Bell";21.02.2023
"Lula";"Bell";22.02.2023
"Calvin";"Bennett";23.02.2023
"Jacob";"Bennett";24.02.2023
"Lillie";"Bennett";25.02.2023
"Margaret";"Bennett";26.02.2023
"Maud";"Bennett";27.02.2023
"Tony";"Bennett";28.02.2023
"Chase";"Benson";01.03.2023
"Melvin";"Benson";02.03.2023
"Travis";"Benson";03.03.2023
"Kyle";"Bishop";04.03.2023
"Ada";"Black";05.03.2023
"Barry";"Black";06.03.2023
"Jane";"Black";07.03.2023
"Martha";"Blake";08.03.2023
"Carolyn";"Boone";09.03.2023
"Jason";"Boone";10.03.2023
"Maria";"Boone";11.03.2023
"Terry";"Boone";12.03.2023
"Charlotte";"Bowen";13.03.2023
"Terry";"Bowen";14.03.2023
"Jeffery";"Bowers";15.03.2023
"Lucile";"Bowers";16.03.2023
"Michael";"Bowers";17.03.2023
"Evelyn";"Bowman";18.03.2023
"Clayton";"Boyd";19.03.2023
"Blanche";"Bradley";20.03.2023
"Lucas";"Bradley";21.03.2023
"Rodney";"Bradley";22.03.2023
"Ann";"Brady";23.03.2023
"Mina";"Brady";24.03.2023
"Rachel";"Brady";25.03.2023
"Carlos";"Brewer";26.03.2023
"Christina";"Brewer";27.03.2023
"Francis";"Brewer";28.03.2023
"Carl";"Bridges";29.03.2023
"Herman";"Bridges";30.03.2023
"Dean";"Briggs";31.03.2023
"Leah";"Briggs";01.04.2023
"Leroy";"Briggs";02.04.2023
"Florence";"Brooks";03.04.2023
"Dollie";"Brown";04.04.2023
"Flora";"Brown";05.04.2023
"Gilbert";"Brown";06.04.2023
"Pauline";"Brown";07.04.2023
"Amanda";"Bryan";08.04.2023
"Cornelia";"Bryan";09.04.2023
"Florence";"Bryan";10.04.2023
"Ollie";"Bryan";11.04.2023
"Genevieve";"Bryant";12.04.2023
"Jason";"Bryant";13.04.2023
"Roy";"Bryant";14.04.2023
"Gary";"Buchanan";15.04.2023
"Lucile";"Buchanan";16.04.2023
"Olivia";"Buchanan";17.04.2023
"Ricardo";"Buchanan";18.04.2023
"Garrett";"Burgess";19.04.2023
"Georgie";"Burgess";20.04.2023
"Lucy";"Burgess";21.04.2023
"Zachary";"Burgess";22.04.2023
"Cameron";"Burke";23.04.2023
"Hallie";"Burke";24.04.2023
"Henrietta";"Burke";25.04.2023
"Rachel";"Burke";26.04.2023
"Lottie";"Burns";27.04.2023
"Celia";"Burton";28.04.2023
"Edith";"Burton";29.04.2023
"Emma";"Burton";30.04.2023
"Joshua";"Burton";01.05.2023
"Lillian";"Burton";02.05.2023
"Elmer";"Bush";03.05.2023
"Mitchell";"Bush";04.05.2023
"Claudia";"Butler";05.05.2023
"Fanny";"Butler";06.05.2023
"Isaiah";"Butler";07.05.2023
"Jayden";"Butler";08.05.2023
"Angel";"Byrd";09.05.2023
"Edward";"Byrd";10.05.2023
"Janie";"Byrd";11.05.2023
"Lucy";"Byrd";12.05.2023
"Nannie";"Byrd";13.05.2023
"Ola";"Byrd";14.05.2023
"Alexander";"Cain";15.05.2023
"Harriett";"Cain";16.05.2023
"Mittie";"Cain";17.05.2023
"Chad";"Cannon";18.05.2023
"Mabel";"Cannon";19.05.2023
"Harold";"Carpenter";20.05.2023
"Jose";"Carpenter";21.05.2023
"Mayme";"Carpenter";22.05.2023
"Eliza";"Carr";23.05.2023
"Essie";"Carr";24.05.2023
"Irene";"Carr";25.05.2023
"Alexander";"Carroll";26.05.2023
"Caleb";"Carroll";27.05.2023
"Genevieve";"Carroll";28.05.2023
"Annie";"Carson";29.05.2023
"Celia";"Carson";30.05.2023
"Lettie";"Carson";31.05.2023
"Lewis";"Carson";01.06.2023
"Gary";"Carter";02.06.2023
"Harvey";"Carter";03.06.2023
"Roxie";"Carter";04.06.2023
"Jacob";"Casey";05.06.2023
"Myrtle";"Casey";06.06.2023
"Nathaniel";"Casey";07.06.2023
"Derrick";"Castillo";08.06.2023
"Dylan";"Chambers";09.06.2023
"Larry";"Chambers";10.06.2023
"Norman";"Chambers";11.06.2023
"Lulu";"Chapman";12.06.2023
"William";"Chapman";13.06.2023
"Louis";"Chavez";14.06.2023
"Roxie";"Christensen";15.06.2023
"Rena";"Clarke";16.06.2023
"Alexander";"Clayton";17.06.2023
"Genevieve";"Clayton";18.06.2023
"Marcus";"Clayton";19.06.2023
"Theodore";"Clayton";20.06.2023
"Sadie";"Cobb";21.06.2023
"Sarah";"Cohen";22.06.2023
"Ricardo";"Cole";23.06.2023
"Jessie";"Coleman";24.06.2023
"Pauline";"Coleman";25.06.2023
"Rodney";"Coleman";26.06.2023
"Russell";"Coleman";27.06.2023
"Clayton";"Collier";28.06.2023
"Derrick";"Collier";29.06.2023
"Katharine";"Colon";30.06.2023
"Angel";"Conner";01.07.2023
"Charlotte";"Conner";02.07.2023
"Duane";"Conner";03.07.2023
"Luis";"Conner";04.07.2023
"Chase";"Cook";05.07.2023
"Harriet";"Cook";06.07.2023
"Owen";"Cook";07.07.2023
"Dominic";"Cooper";08.07.2023
"Florence";"Cooper";09.07.2023
"Bessie";"Cortez";10.07.2023
"George";"Cortez";11.07.2023
"Madge";"Cortez";12.07.2023
"Sean";"Cortez";13.07.2023
"Clyde";"Craig";14.07.2023
"Fanny";"Craig";15.07.2023
"Helena";"Craig";16.07.2023
"Sylvia";"Craig";17.07.2023
"Alejandro";"Crawford";18.07.2023
"Grace";"Crawford";19.07.2023
"Lola";"Crawford";20.07.2023
"Howard";"Cruz";21.07.2023
"Bertie";"Cummings";22.07.2023
"Sophie";"Cummings";23.07.2023
"Todd";"Cummings";24.07.2023
"Ada";"Cunningham";25.07.2023
"Adelaide";"Cunningham";26.07.2023
"Essie";"Cunningham";27.07.2023
"Leon";"Cunningham";28.07.2023
"Roy";"Cunningham";29.07.2023
"Trevor";"Cunningham";30.07.2023
"Iva";"Curry";31.07.2023
"Herman";"Curtis";01.08.2023
"Jerry";"Curtis";02.08.2023
"Chase";"Daniel";03.08.2023
"Leona";"Daniels";04.08.2023
"Minerva";"Daniels";05.08.2023
"Nannie";"Daniels";06.08.2023
"Vincent";"Daniels";07.08.2023
"Edith";"Davidson";08.08.2023
"Ian";"Davidson";09.08.2023
"Amy";"Davis";10.08.2023
"Danny";"Davis";11.08.2023
"Larry";"Davis";12.08.2023
"Shawn";"Davis";13.08.2023
"Willie";"Davis";14.08.2023
"Annie";"Dawson";15.08.2023
"Evelyn";"Day";16.08.2023
"Jeanette";"Day";17.08.2023
"Dean";"Dean";18.08.2023
"Gary";"Dean";19.08.2023
"Martha";"Dean";20.08.2023
"Owen";"Delgado";21.08.2023
"Della";"Dennis";22.08.2023
"Olivia";"Dennis";23.08.2023
"Douglas";"Diaz";24.08.2023
"Franklin";"Diaz";25.08.2023
"Winifred";"Diaz";26.08.2023
"Arthur";"Dixon";27.08.2023
"Donald";"Dixon";28.08.2023
"Dylan";"Dixon";29.08.2023
"Paul";"Dixon";30.08.2023
"Sophia";"Dixon";31.08.2023
"Adele";"Douglas";01.09.2023
"Andrew";"Douglas";02.09.2023
"Eunice";"Douglas";03.09.2023
"Leah";"Douglas";04.09.2023
"Rena";"Douglas";05.09.2023
"Dale";"Doyle";06.09.2023
"Katharine";"Doyle";07.09.2023
"Rosalie";"Doyle";08.09.2023
"Alex";"Drake";09.09.2023
"Anne";"Drake";10.09.2023
"Jayden";"Drake";11.09.2023
"Larry";"Drake";12.09.2023
"Stephen";"Drake";13.09.2023
"Lester";"Duncan";14.09.2023
"Herman";"Dunn";15.09.2023
"Marvin";"Dunn";16.09.2023
"Minnie";"Dunn";17.09.2023
"Willie";"Dunn";18.09.2023
"Jayden";"Elliott";19.09.2023
"Marion";"Elliott";20.09.2023
"Philip";"Elliott";21.09.2023
"Flora";"Ellis";22.09.2023
"Ralph";"Ellis";23.09.2023
"Calvin";"Erickson";24.09.2023
"Lina";"Erickson";25.09.2023
"Benjamin";"Estrada";26.09.2023
"Carl";"Evans";27.09.2023
"Jane";"Farmer";28.09.2023
"Randall";"Farmer";29.09.2023
"George";"Ferguson";30.09.2023
"Mae";"Ferguson";01.10.2023
"Madge";"Fields";02.10.2023
"Barbara";"Figueroa";03.10.2023
"Ricardo";"Figueroa";04.10.2023
"Rachel";"Fisher";05.10.2023
"Willie";"Fisher";06.10.2023
"Glen";"Fitzgerald";07.10.2023
"Millie";"Fitzgerald";08.10.2023
"Gregory";"Fleming";09.10.2023
"Leonard";"Fleming";10.10.2023
"Ray";"Fleming";11.10.2023
"Verna";"Fleming";12.10.2023
"Katherine";"Fletcher";13.10.2023
"Calvin";"Flores";14.10.2023
"Frances";"Flores";15.10.2023
"Fred";"Flores";16.10.2023
"Loretta";"Flowers";17.10.2023
"Sam";"Flowers";18.10.2023
"Winnie";"Flowers";19.10.2023
"Joseph";"Floyd";20.10.2023
"Effie";"Foster";21.10.2023
"Roxie";"Foster";22.10.2023
"Curtis";"Fox";23.10.2023
"Ethan";"Fox";24.10.2023
"Manuel";"Fox";25.10.2023
"Nelle";"Fox";26.10.2023
"Francisco";"Francis";27.10.2023
"Nathaniel";"Francis";28.10.2023
"Willie";"Francis";29.10.2023
"Olive";"Frank";30.10.2023
"Helena";"Franklin";31.10.2023
"Jason";"Franklin";01.11.2023
"Mason";"French";02.11.2023
"Amy";"Fuller";03.11.2023
"Bobby";"Fuller";04.11.2023
"Dennis";"Fuller";05.11.2023
"Etta";"Fuller";06.11.2023
"Elizabeth";"Garcia";07.11.2023
"Mildred";"Garcia";08.11.2023
"Amelia";"Gardner";09.11.2023
"Jean";"Gardner";10.11.2023
"John";"Gardner";11.11.2023
"Jerome";"Garrett";12.11.2023
"Marion";"Garza";13.11.2023
"Nell";"Garza";14.11.2023
"Olga";"Garza";15.11.2023
"Jackson";"George";16.11.2023
"Vera";"George";17.11.2023
"Daisy";"Gibbs";18.11.2023
"Iva";"Gibbs";19.11.2023
"Georgie";"Gibson";20.11.2023
"Harry";"Gibson";21.11.2023
"Terry";"Gibson";22.11.2023
"Hulda";"Gilbert";23.11.2023
"Cynthia";"Glover";24.11.2023
"Ian";"Glover";25.11.2023
"Lydia";"Glover";26.11.2023
"Frank";"Gomez";27.11.2023
"Gordon";"Gonzales";28.11.2023
"Ann";"Gonzalez";29.11.2023
"Lois";"Goodman";30.11.2023
"Lulu";"Goodman";01.12.2023
"Mollie";"Goodman";02.12.2023
"Cole";"Gordon";03.12.2023
"Marion";"Gordon";04.12.2023
"Lucy";"Graham";05.12.2023
"Rachel";"Graham";06.12.2023
"Winnie";"Graham";07.12.2023
"Nell";"Graves";08.12.2023
"Ernest";"Gray";09.12.2023
"Katie";"Gray";10.12.2023
"Ricardo";"Gray";11.12.2023
"Amanda";"Green";12.12.2023
"Dennis";"Greene";13.12.2023
"Noah";"Greene";14.12.2023
"Sadie";"Greene";15.12.2023
"Chester";"Greer";16.12.2023
"Margaret";"Greer";17.12.2023
"Rachel";"Greer";18.12.2023
"Ella";"Gregory";19.12.2023
"Ina";"Gregory";20.12.2023
"Isaiah";"Griffin";21.12.2023
"Andre";"Griffith";22.12.2023
"Lois";"Griffith";23.12.2023
"David";"Guerrero";24.12.2023
"Jerry";"Guerrero";25.12.2023
"Alfred";"Hale";26.12.2023
"Francisco";"Hall";27.12.2023
"Eva";"Hamilton";28.12.2023
"Frances";"Hammond";29.12.2023
"Mattie";"Hammond";30.12.2023
"Clarence";"Hampton";31.12.2023
"Lena";"Hampton";01.01.2024
"Ray";"Hampton";02.01.2024
"Amanda";"Hansen";03.01.2024
"Eugene";"Hansen";04.01.2024
"Gussie";"Hansen";05.01.2024
"Juan";"Hansen";06.01.2024
"Eva";"Hanson";07.01.2024
"Genevieve";"Hanson";08.01.2024
"Charlotte";"Harmon";09.01.2024
"Andre";"Harper";10.01.2024
"Nelle";"Harper";11.01.2024
"Tillie";"Harper";12.01.2024
"Edgar";"Harrington";13.01.2024
"Etta";"Harrington";14.01.2024
"Clyde";"Harris";15.01.2024
"Georgie";"Harris";16.01.2024
"Jorge";"Harris";17.01.2024
"Mollie";"Harris";18.01.2024
"Alexander";"Harrison";19.01.2024
"Blanche";"Harrison";20.01.2024
"Jackson";"Harrison";21.01.2024
"Mae";"Harrison";22.01.2024
"Violet";"Harrison";23.01.2024
"Lettie";"Hart";24.01.2024
"Roger";"Hart";25.01.2024
"Emma";"Harvey";26.01.2024
"Thomas";"Harvey";27.01.2024
"Vera";"Harvey";28.01.2024
"Alex";"Hawkins";29.01.2024
"Alice";"Hawkins";30.01.2024
"Melvin";"Hawkins";31.01.2024
"Ronnie";"Hawkins";01.02.2024
"Eula";"Hayes";02.02.2024
"Hulda";"Hayes";03.02.2024
"Lloyd";"Hayes";04.02.2024
"Daniel";"Haynes";05.02.2024
"Leonard";"Henry";06.02.2024
"Virginia";"Hernandez";07.02.2024
"Eleanor";"Herrera";08.02.2024
"Bernard";"Hicks";09.02.2024
"Leila";"Hicks";10.02.2024
"Barry";"Higgins";11.02.2024
"Harriet";"Higgins";12.02.2024
"Minnie";"Higgins";13.02.2024
"Dylan";"Hill";14.02.2024
"Frances";"Hill";15.02.2024
"Lydia";"Hill";16.02.2024
"Laura";"Hoffman";17.02.2024
"Cordelia";"Hogan";18.02.2024
"Luella";"Hogan";19.02.2024
"Lydia";"Hogan";20.02.2024
"Charles";"Holland";21.02.2024
"Essie";"Holland";22.02.2024
"Sam";"Holland";23.02.2024
"Mabel";"Holmes";24.02.2024
"Roxie";"Holmes";25.02.2024
"Francis";"Holt";26.02.2024
"Jessie";"Holt";27.02.2024
"Alvin";"Hopkins";28.02.2024
"Don";"Horton";29.02.2024
"John";"Horton";01.03.2024
"Luke";"Horton";02.03.2024
"Ada";"Houston";03.03.2024
"Augusta";"Houston";04.03.2024
"Barbara";"Houston";05.03.2024
"Lou";"Houston";06.03.2024
"Caleb";"Howard";07.03.2024
"Bruce";"Howell";08.03.2024
"Jeanette";"Howell";09.03.2024
"Lenora";"Howell";10.03.2024
"Lura";"Howell";11.03.2024
"Stanley";"Howell";12.03.2024
"Viola";"Howell";13.03.2024
"Troy";"Hubbard";14.03.2024
"Eula";"Hudson";15.03.2024
"Travis";"Hudson";16.03.2024
"Olivia";"Huff";17.03.2024
"Blake";"Hughes";18.03.2024
"Clara";"Hughes";19.03.2024
"Craig";"Hughes";20.03.2024
"Francis";"Hughes";21.03.2024
"Francisco";"Hughes";22.03.2024
"Rosetta";"Hughes";23.03.2024
"Sue";"Hughes";24.03.2024
"Devin";"Hunt";25.03.2024
"Victor";"Hunt";26.03.2024
"Addie";"Hunter";27.03.2024
"Allie";"Hunter";28.03.2024
"Dale";"Ingram";29.03.2024
"Genevieve";"Ingram";30.03.2024
"Inez";"Jackson";31.03.2024
"Vera";"Jackson";01.04.2024
"Elsie";"James";02.04.2024
"Leon";"James";03.04.2024
"Timothy";"Jenkins";04.04.2024
"Mittie";"Jensen";05.04.2024
"Willie";"Jensen";06.04.2024
"Clarence";"Jimenez";07.04.2024
"Randall";"Jimenez";08.04.2024
"Cora";"Johnson";09.04.2024
"Danny";"Johnston";10.04.2024
"Sean";"Johnston";11.04.2024
"Todd";"Johnston";12.04.2024
"Allen";"Jones";13.04.2024
"Brandon";"Jones";14.04.2024
"Florence";"Jones";15.04.2024
"Ian";"Jones";16.04.2024
"Inez";"Jones";17.04.2024
"Lois";"Jones";18.04.2024
"Augusta";"Jordan";19.04.2024
"Rachel";"Jordan";20.04.2024
"Russell";"Jordan";21.04.2024
"Dorothy";"Joseph";22.04.2024
"James";"Joseph";23.04.2024
"Jean";"Kelley";24.04.2024
"Lora";"Kelley";25.04.2024
"Florence";"Kelly";26.04.2024
"Jonathan";"Kelly";27.04.2024
"Austin";"Kennedy";28.04.2024
"Chase";"Kennedy";29.04.2024
"Devin";"Kennedy";30.04.2024
"Scott";"Kennedy";01.05.2024
"Jeffery";"Kim";02.05.2024
"Jon";"Kim";03.05.2024
"Barbara";"King";04.05.2024
"Mable";"Klein";05.05.2024
"Nelle";"Klein";06.05.2024
"Tony";"Klein";07.05.2024
"Ray";"Knight";08.05.2024
"Sam";"Knight";09.05.2024
"Nicholas";"Lamb";10.05.2024
"Todd";"Lamb";11.05.2024
"Luis";"Lambert";12.05.2024
"May";"Lambert";13.05.2024
"Aiden";"Lane";14.05.2024
"Chase";"Lane";15.05.2024
"Elijah";"Lane";16.05.2024
"Garrett";"Lane";17.05.2024
"Alfred";"Larson";18.05.2024
"Laura";"Lawrence";19.05.2024
"Darrell";"Lawson";20.05.2024
"Jared";"Lawson";21.05.2024
"Lora";"Lee";22.05.2024
"Juan";"Lewis";23.05.2024
"Micheal";"Lewis";24.05.2024
"Barry";"Lindsey";25.05.2024
"Ruth";"Little";26.05.2024
"Kate";"Lloyd";27.05.2024
"Leona";"Logan";28.05.2024
"Alma";"Long";29.05.2024
"Clarence";"Long";30.05.2024
"Isabelle";"Long";31.05.2024
"Louis";"Long";01.06.2024
"Lucille";"Long";02.06.2024
"Elnora";"Love";03.06.2024
"Nell";"Love";04.06.2024
"Marcus";"Lowe";05.06.2024
"Della";"Lucas";06.06.2024
"Eddie";"Lucas";07.06.2024
"Rose";"Lucas";08.06.2024
"Albert";"Luna";09.06.2024
"Joel";"Luna";10.06.2024
"Barbara";"Lynch";11.06.2024
"Joe";"Lynch";12.06.2024
"Katherine";"Lynch";13.06.2024
"Leona";"Lynch";14.06.2024
"Rosa";"Lynch";15.06.2024
"Alfred";"Lyons";16.06.2024
"Wayne";"Lyons";17.06.2024
"Howard";"Mack";18.06.2024
"Lou";"Mack";19.06.2024
"Ellen";"Maldonado";20.06.2024
"Ella";"Malone";21.06.2024
"Gene";"Malone";22.06.2024
"Lucy";"Malone";23.06.2024
"Teresa";"Malone";24.06.2024
"Alice";"Mann";25.06.2024
"Bertie";"Manning";26.06.2024
"Charles";"Marsh";27.06.2024
"Mabel";"Marsh";28.06.2024
"Theodore";"Marsh";29.06.2024
"Tommy";"Marshall";30.06.2024
"Franklin";"Martin";01.07.2024
"Fred";"Martinez";02.07.2024
"Kevin";"Martinez";03.07.2024
"Addie";"Mason";04.07.2024
"Mable";"Mason";05.07.2024
"Nora";"Mason";06.07.2024
"Gabriel";"Massey";07.07.2024
"Myra";"Massey";08.07.2024
"Roxie";"Mathis";09.07.2024
"Cecelia";"Matthews";10.07.2024
"Christina";"Matthews";11.07.2024
"Jeanette";"Matthews";12.07.2024
"Amelia";"Maxwell";13.07.2024
"Christine";"Maxwell";14.07.2024
"Justin";"May";15.07.2024
"Madge";"May";16.07.2024
"Marcus";"May";17.07.2024
"Addie";"McBride";18.07.2024
"Carrie";"McBride";19.07.2024
"Devin";"McBride";20.07.2024
"Duane";"McBride";21.07.2024
"Ray";"McBride";22.07.2024
"Ida";"McCarthy";23.07.2024
"Todd";"McCarthy";24.07.2024
"Alfred";"McCormick";25.07.2024
"Alvin";"McCormick";26.07.2024
"Mary";"McCormick";27.07.2024
"Alice";"McCoy";28.07.2024
"Amelia";"McCoy";29.07.2024
"Joe";"McDaniel";30.07.2024
"Mario";"McDaniel";31.07.2024
"Randall";"McDaniel";01.08.2024
"Russell";"McDaniel";02.08.2024
"Francis";"McDonald";03.08.2024
"Mary";"McDonald";04.08.2024
"Claudia";"McGee";05.08.2024
"Charles";"McGuire";06.08.2024
"Isabel";"McGuire";07.08.2024
"Jeremiah";"McGuire";08.08.2024
"Craig";"McKenzie";09.08.2024
"Gerald";"McKinney";10.08.2024
"Louis";"McKinney";11.08.2024
"Mason";"McKinney";12.08.2024
"Agnes";"McLaughlin";13.08.2024
"Bess";"McLaughlin";14.08.2024
"Gertrude";"McLaughlin";15.08.2024
"Henry";"McLaughlin";16.08.2024
"Jennie";"McLaughlin";17.08.2024
"Paul";"McLaughlin";18.08.2024
"Laura";"Mendez";19.08.2024
"Rhoda";"Mendez";20.08.2024
"Susie";"Mendez";21.08.2024
"Sue";"Miles";22.08.2024
"Aaron";"Miller";23.08.2024
"Henry";"Miller";24.08.2024
"Ivan";"Miller";25.08.2024
"Roxie";"Miller";26.08.2024
"Inez";"Mills";27.08.2024
"Jayden";"Mills";28.08.2024
"Tony";"Mills";29.08.2024
"Erik";"Mitchell";30.08.2024
"Roy";"Mitchell";31.08.2024
"Vernon";"Mitchell";01.09.2024
"Jeanette";"Montgomery";02.09.2024
"Jesus";"Montgomery";03.09.2024
"Helen";"Moody";04.09.2024
"Nicholas";"Moore";05.09.2024
"Ann";"Morales";06.09.2024
"Austin";"Morales";07.09.2024
"Ida";"Morales";08.09.2024
"Myrtle";"Morales";09.09.2024
"Ola";"Morales";10.09.2024
"Ruby";"Morales";11.09.2024
"Allen";"Moran";12.09.2024
"Marguerite";"Moran";13.09.2024
"Angel";"Moreno";14.09.2024
"Franklin";"Moreno";15.09.2024
"Gene";"Moreno";16.09.2024
"Effie";"Morrison";17.09.2024
"Elizabeth";"Morrison";18.09.2024
"Mae";"Morrison";19.09.2024
"Sophia";"Morrison";20.09.2024
"Edna";"Moss";21.09.2024
"Laura";"Moss";22.09.2024
"Jerry";"Mullins";23.09.2024
"Maria";"Murphy";24.09.2024
"Hettie";"Murray";25.09.2024
"Jane";"Murray";26.09.2024
"Stella";"Murray";27.09.2024
"Cecilia";"Myers";28.09.2024
"Elsie";"Nash";29.09.2024
"Bobby";"Neal";30.09.2024
"Iva";"Neal";01.10.2024
"Jimmy";"Neal";02.10.2024
"Lillie";"Nelson";03.10.2024
"Warren";"Nelson";04.10.2024
"Clifford";"Newman";05.10.2024
"Justin";"Newman";06.10.2024
"Bill";"Newton";07.10.2024
"Rena";"Newton";08.10.2024
"Helena";"Nguyen";09.10.2024
"Josie";"Nguyen";10.10.2024
"Bryan";"Nichols";11.10.2024
"Jesus";"Norman";12.10.2024
"Micheal";"Norman";13.10.2024
"Alma";"Norris";14.10.2024
"Nelle";"Norris";15.10.2024
"Thomas";"Norris";16.10.2024
"Erik";"Norton";17.10.2024
"Minerva";"Norton";18.10.2024
"Ethel";"Nunez";19.10.2024
"Jonathan";"Obrien";20.10.2024
"Katharine";"Obrien";21.10.2024
"Herman";"Oliver";22.10.2024
"Olga";"Oliver";23.10.2024
"James";"Olson";24.10.2024
"Edith";"Ortega";25.10.2024
"Devin";"Ortiz";26.10.2024
"Eva";"Ortiz";27.10.2024
"Jackson";"Ortiz";28.10.2024
"Barry";"Osborne";29.10.2024
"Brian";"Osborne";30.10.2024
"Charles";"Osborne";31.10.2024
"Jared";"Osborne";01.11.2024
"Victoria";"Osborne";02.11.2024
"Catherine";"Owen";03.11.2024
"Cody";"Owen";04.11.2024
"Nina";"Owens";05.11.2024
"Ricardo";"Owens";06.11.2024
"Rhoda";"Padilla";07.11.2024
"Dominic";"Page";08.11.2024
"Joshua";"Palmer";09.11.2024
"Lawrence";"Palmer";10.11.2024
"Myrtle";"Palmer";11.11.2024
"Thomas";"Park";12.11.2024
"Warren";"Parker";13.11.2024
"Georgia";"Parks";14.11.2024
"Douglas";"Parsons";15.11.2024
"Julia";"Parsons";16.11.2024
"Isaiah";"Patrick";17.11.2024
"Amelia";"Patton";18.11.2024
"Hunter";"Patton";19.11.2024
"Della";"Paul";20.11.2024
"Donald";"Paul";21.11.2024
"Kevin";"Paul";22.11.2024
"Antonio";"Payne";23.11.2024
"Devin";"Payne";24.11.2024
"Duane";"Payne";25.11.2024
"Eddie";"Payne";26.11.2024
"Francisco";"Payne";27.11.2024
"Kyle";"Payne";28.11.2024
"Lloyd";"Pearson";29.11.2024
"Minnie";"Pearson";30.11.2024
"Eula";"Pena";01.12.2024
"Evan";"Pena";02.12.2024
"Herman";"Perez";03.12.2024
"Erik";"Perkins";04.12.2024
"Jeffrey";"Perkins";05.12.2024
"Dollie";"Perry";06.12.2024
"Ellen";"Perry";07.12.2024
"Ethan";"Peters";08.12.2024
"Francisco";"Peters";09.12.2024
"Kathryn";"Peters";10.12.2024
"Mayme";"Peters";11.12.2024
"Francisco";"Peterson";12.12.2024
"Lida";"Peterson";13.12.2024
"Sophie";"Peterson";14.12.2024
"Daniel";"Phelps";15.12.2024
"Leona";"Phelps";16.12.2024
"Polly";"Phelps";17.12.2024
"Georgie";"Pierce";18.12.2024
"Owen";"Pierce";19.12.2024
"Warren";"Pittman";20.12.2024
"Winifred";"Pittman";21.12.2024
"Fred";"Poole";22.12.2024
"Caleb";"Pope";23.12.2024
"Sallie";"Pope";24.12.2024
"Lucinda";"Porter";25.12.2024
"Nina";"Porter";26.12.2024
"Harriett";"Potter";27.12.2024
"Josie";"Potter";28.12.2024
"Lena";"Potter";29.12.2024
"Cordelia";"Powell";30.12.2024
"Bess";"Powers";31.12.2024
"Donald";"Powers";01.01.2025
"Jacob";"Powers";02.01.2025
"Glen";"Pratt";03.01.2025
"Mathilda";"Pratt";04.01.2025
"Bess";"Price";05.01.2025
"Irene";"Quinn";06.01.2025
"Rebecca";"Quinn";07.01.2025
"Evan";"Ramirez";08.01.2025
"Nathaniel";"Ramirez";09.01.2025
"Gertrude";"Ramos";10.01.2025
"Lura";"Ramos";11.01.2025
"Marion";"Ramsey";12.01.2025
"Dennis";"Ray";13.01.2025
"Ralph";"Ray";14.01.2025
"Thomas";"Ray";15.01.2025
"Virgie";"Ray";16.01.2025
"Clarence";"Reed";17.01.2025
"Bessie";"Reese";18.01.2025
"Joseph";"Reese";19.01.2025
"Juan";"Reese";20.01.2025
"William";"Reese";21.01.2025
"Leah";"Reid";22.01.2025
"Maud";"Reid";23.01.2025
"Cynthia";"Reyes";24.01.2025
"Hunter";"Reyes";25.01.2025
"Shane";"Reyes";26.01.2025
"Jerome";"Reynolds";27.01.2025
"Melvin";"Richards";28.01.2025
"Ronald";"Riley";29.01.2025
"Barbara";"Rios";30.01.2025
"Charles";"Rios";31.01.2025
"Nellie";"Rios";01.02.2025
"Leonard";"Rivera";02.02.2025
"Paul";"Rivera";03.02.2025
"Augusta";"Robbins";04.02.2025
"Carlos";"Robbins";05.02.2025
"Gilbert";"Roberson";06.02.2025
"Polly";"Roberson";07.02.2025
"Amelia";"Robertson";08.02.2025
"Dean";"Robertson";09.02.2025
"Luella";"Robertson";10.02.2025
"Marie";"Robertson";11.02.2025
"Lillian";"Robinson";12.02.2025
"Rena";"Robinson";13.02.2025
"Adele";"Rodgers";14.02.2025
"Anthony";"Rodgers";15.02.2025
"Ruth";"Rodgers";16.02.2025
"Katie";"Rodriguez";17.02.2025
"Rhoda";"Rodriguez";18.02.2025
"Francisco";"Rogers";19.02.2025
"Martha";"Rose";20.02.2025
"Minnie";"Rose";21.02.2025
"Alex";"Ross";22.02.2025
"Elnora";"Ross";23.02.2025
"Celia";"Rowe";24.02.2025
"Gregory";"Rowe";25.02.2025
"Martha";"Roy";26.02.2025
"Matilda";"Roy";27.02.2025
"Brian";"Ruiz";28.02.2025
"Isaac";"Ruiz";01.03.2025
"Jacob";"Ruiz";02.03.2025
"Luke";"Russell";03.03.2025
"Bruce";"Ryan";04.03.2025
"Edna";"Ryan";05.03.2025
"Blanche";"Sandoval";06.03.2025
"Birdie";"Santiago";07.03.2025
"Rose";"Santiago";08.03.2025
"Harriet";"Santos";09.03.2025
"Ivan";"Santos";10.03.2025
"Jason";"Santos";11.03.2025
"Minnie";"Santos";12.03.2025
"Chester";"Schmidt";13.03.2025
"Eric";"Schmidt";14.03.2025
"Keith";"Schmidt";15.03.2025
"Gordon";"Schneider";16.03.2025
"Keith";"Schneider";17.03.2025
"Harriet";"Schultz";18.03.2025
"Maria";"Schwartz";19.03.2025
"Ella";"Scott";20.03.2025
"Marcus";"Scott";21.03.2025
"Alvin";"Sharp";22.03.2025
"Lulu";"Sharp";23.03.2025
"Millie";"Sharp";24.03.2025
"Alan";"Shaw";25.03.2025
"Evan";"Shaw";26.03.2025
"Lloyd";"Shaw";27.03.2025
"Carrie";"Shelton";28.03.2025
"Jayden";"Shelton";29.03.2025
"Katharine";"Shelton";30.03.2025
"Charlotte";"Silva";31.03.2025
"Loretta";"Silva";01.04.2025
"Addie";"Simmons";02.04.2025
"Elva";"Simmons";03.04.2025
"Emilie";"Simmons";04.04.2025
"Evan";"Simmons";05.04.2025
"Isabelle";"Simmons";06.04.2025
"Susan";"Simon";07.04.2025
"Eddie";"Simpson";08.04.2025
"Sally";"Simpson";09.04.2025
"Edward";"Sims";10.04.2025
"Evan";"Singleton";11.04.2025
"Hilda";"Singleton";12.04.2025
"Joseph";"Singleton";13.04.2025
"Frank";"Smith";14.04.2025
"Jane";"Smith";15.04.2025
"Johnny";"Smith";16.04.2025
"Ralph";"Smith";17.04.2025
"Bertha";"Snyder";18.04.2025
"Lydia";"Soto";19.04.2025
"Harriett";"Sparks";20.04.2025
"Cynthia";"Spencer";21.04.2025
"Dollie";"Spencer";22.04.2025
"Edna";"Spencer";23.04.2025
"Elnora";"Spencer";24.04.2025
"Tillie";"Spencer";25.04.2025
"Trevor";"Stanley";26.04.2025
"Antonio";"Stephens";27.04.2025
"Mayme";"Stephens";28.04.2025
"Eugenia";"Stevens";29.04.2025
"Ronald";"Stevens";30.04.2025
"Christine";"Stone";01.05.2025
"Emma";"Strickland";02.05.2025
"Sophia";"Sullivan";03.05.2025
"Adeline";"Summers";04.05.2025
"David";"Summers";05.05.2025
"Joseph";"Summers";06.05.2025
"Laura";"Summers";07.05.2025
"William";"Summers";08.05.2025
"Amy";"Sutton";09.05.2025
"Eula";"Sutton";10.05.2025
"Marcus";"Sutton";11.05.2025
"Essie";"Swanson";12.05.2025
"Noah";"Swanson";13.05.2025
"Dora";"Tate";14.05.2025
"Landon";"Tate";15.05.2025
"Max";"Tate";16.05.2025
"Georgia";"Taylor";17.05.2025
"Olga";"Taylor";18.05.2025
"Ronald";"Taylor";19.05.2025
"Sarah";"Taylor";20.05.2025
"David";"Terry";21.05.2025
"Jeffrey";"Terry";22.05.2025
"Joshua";"Terry";23.05.2025
"Logan";"Terry";24.05.2025
"Louis";"Terry";25.05.2025
"Mamie";"Terry";26.05.2025
"Michael";"Terry";27.05.2025
"Joel";"Thomas";28.05.2025
"Mollie";"Thomas";29.05.2025
"Russell";"Thomas";30.05.2025
"Cynthia";"Thompson";31.05.2025
"Henry";"Thompson";01.06.2025
"Irene";"Thompson";02.06.2025
"Marian";"Thompson";03.06.2025
"Hulda";"Thornton";04.06.2025
"Nathan";"Thornton";05.06.2025
"Roy";"Thornton";06.06.2025
"Darrell";"Todd";07.06.2025
"Garrett";"Todd";08.06.2025
"Nettie";"Todd";09.06.2025
"Samuel";"Todd";10.06.2025
"Calvin";"Torres";11.06.2025
"Harry";"Torres";12.06.2025
"Harvey";"Torres";13.06.2025
"Robert";"Torres";14.06.2025
"Clayton";"Townsend";15.06.2025
"Franklin";"Townsend";16.06.2025
"Blanche";"Tran";17.06.2025
"Luis";"Tran";18.06.2025
"Timothy";"Tran";19.06.2025
"Walter";"Tran";20.06.2025
"Eugene";"Turner";21.06.2025
"Mike";"Turner";22.06.2025
"Allen";"Tyler";23.06.2025
"Dylan";"Tyler";24.06.2025
"Elnora";"Tyler";25.06.2025
"Jackson";"Tyler";26.06.2025
"Mabelle";"Tyler";27.06.2025
"Eric";"Underwood";28.06.2025
"Etta";"Underwood";29.06.2025
"Herman";"Underwood";30.06.2025
"Richard";"Underwood";01.07.2025
"Maurice";"Valdez";02.07.2025
"Mina";"Valdez";03.07.2025
"Roy";"Valdez";04.07.2025
"Francis";"Vargas";05.07.2025
"Francisco";"Vargas";06.07.2025
"Mina";"Vasquez";07.07.2025
"Ryan";"Vasquez";08.07.2025
"Chad";"Vaughn";09.07.2025
"Fannie";"Vaughn";10.07.2025
"Lina";"Vaughn";11.07.2025
"Martha";"Vaughn";12.07.2025
"Lloyd";"Wade";13.07.2025
"Louisa";"Wagner";14.07.2025
"Mabelle";"Wagner";15.07.2025
"Rosie";"Wagner";16.07.2025
"Troy";"Wagner";17.07.2025
"Jennie";"Walker";18.07.2025
"Katie";"Walker";19.07.2025
"Kenneth";"Walker";20.07.2025
"Kenneth";"Walker";21.07.2025
"Maude";"Walker";22.07.2025
"Jacob";"Wallace";23.07.2025
"Ernest";"Walsh";24.07.2025
"Isabella";"Walsh";25.07.2025
"John";"Walsh";26.07.2025
"Miguel";"Walsh";27.07.2025
"Rodney";"Walters";28.07.2025
"Bertha";"Walton";29.07.2025
"Myrtie";"Walton";30.07.2025
"Virginia";"Walton";31.07.2025
"Iva";"Ward";01.08.2025
"Terry";"Ward";02.08.2025
"Alejandro";"Warner";03.08.2025
"Eugenia";"Warner";04.08.2025
"Marcus";"Warner";05.08.2025
"Francis";"Washington";06.08.2025
"Ralph";"Washington";07.08.2025
"Leo";"Watson";08.08.2025
"Lou";"Watts";09.08.2025
"Teresa";"Watts";10.08.2025
"Aiden";"Weaver";11.08.2025
"Steven";"Weaver";12.08.2025
"Tony";"Weaver";13.08.2025
"Winnie";"Weaver";14.08.2025
"Mable";"Webb";15.08.2025
"Victoria";"Weber";16.08.2025
"Alexander";"Webster";17.08.2025
"Carolyn";"Webster";18.08.2025
"Helen";"Webster";19.08.2025
"Kyle";"Webster";20.08.2025
"Noah";"Webster";21.08.2025
"Alta";"Welch";22.08.2025
"Isabella";"Welch";23.08.2025
"Ollie";"Welch";24.08.2025
"Della";"Wells";25.08.2025
"Mable";"West";26.08.2025
"Earl";"Wheeler";27.08.2025
"Hilda";"White";28.08.2025
"Lloyd";"White";29.08.2025
"Theresa";"White";30.08.2025
"Howard";"Wilkerson";31.08.2025
"Maude";"Wilkerson";01.09.2025
"Warren";"Wilkerson";02.09.2025
"Jacob";"Wilkins";03.09.2025
"Katharine";"Wilkins";04.09.2025
"Maud";"Wilkins";05.09.2025
"Minnie";"Williams";06.09.2025
"Aaron";"Williamson";07.09.2025
"Luis";"Williamson";08.09.2025
"Mary";"Williamson";09.09.2025
"Oscar";"Williamson";10.09.2025
"Alexander";"Willis";11.09.2025
"Lola";"Wilson";12.09.2025
"Brent";"Wise";13.09.2025
"Edward";"Wise";14.09.2025
"Isaac";"Wise";15.09.2025
"Matthew";"Wolfe";16.09.2025
"Lillie";"Wong";17.09.2025
"Edwin";"Wood";18.09.2025
"Mark";"Wood";19.09.2025
"Maud";"Wood";20.09.2025
"Lelia";"Woods";21.09.2025
"Devin";"Wright";22.09.2025
"Mae";"Yates";23.09.2025
"Ophelia";"Yates";24.09.2025
"Edgar";"Young";25.09.2025
"Bernard";"Zimmerman";26.09.2025
